id,time,temperature,humidty
1,2025:11:29 12:02:11,72.6,24
1,2025:11:29 12:03:11,123.6,5
1,2025:11:29 12:04:11,18.2,30
1,2025:11:29 12:05:11,38.7,47
1,2025:11:29 12:06:11,47.7,28
1,2025:11:29 12:07:11,-6.2,26
1,2025:11:29 12:08:11,47.1,59
1,2025:11:29 12:09:11,60.6,15
1,2025:11:29 12:10:11,-18.5,81
1,2025:11:29 12:11:11,77.0,43
1,2025:11:29 12:12:11,85.4,61
1,2025:11:29 12:13:11,80.8,16
1,2025:11:29 12:14:11,26.3,19
1,2025:11:29 12:15:11,80.8,26
1,2025:11:29 12:16:11,15.4,20
1,2025:11:29 12:17:11,35.2,21
1,2025:11:29 12:18:11,-4.7,99
1,2025:11:29 12:19:11,1.2,77
1,2025:11:29 12:20:11,42.7,19
1,2025:11:29 12:21:11,9.1,6
1,2025:11:29 12:22:11,95.3,69
1,2025:11:29 12:23:11,117.4,45
1,2025:11:29 12:24:11,-3.5,80
1,2025:11:29 12:25:11,36.7,46
1,2025:11:29 12:26:11,112.6,33
1,2025:11:29 12:27:11,101.0,39
1,2025:11:29 12:28:11,51.0,6
1,2025:11:29 12:29:11,3.1,61
1,2025:11:29 12:30:11,22.3,38
1,2025:11:29 12:31:11,42.2,78
1,2025:11:29 12:32:11,67.0,20
1,2025:11:29 12:33:11,-19.1,71
1,2025:11:29 12:34:11,39.9,35
1,2025:11:29 12:35:11,95.2,54
1,2025:11:29 12:36:11,25.2,59
1,2025:11:29 12:37:11,8.8,99
1,2025:11:29 12:38:11,117.6,76
1,2025:11:29 12:39:11,60.9,59
1,2025:11:29 12:40:11,68.1,99
1,2025:11:29 12:41:11,-26.4,45
1,2025:11:29 12:42:11,36.9,59
1,2025:11:29 12:43:11,62.9,25
1,2025:11:29 12:44:11,-15.0,22
1,2025:11:29 12:45:11,90.3,100
1,2025:11:29 12:46:11,100.5,44
1,2025:11:29 12:47:11,7.1,81
1,2025:11:29 12:48:11,120.6,35
1,2025:11:29 12:49:11,0.7,45
1,2025:11:29 12:50:11,112.2,64
1,2025:11:29 12:51:11,-31.3,10
1,2025:11:29 12:52:11,75.5,93
1,2025:11:29 12:53:11,119.6,47
1,2025:11:29 12:54:11,109.3,28
1,2025:11:29 12:55:11,22.8,77
1,2025:11:29 12:56:11,-13.7,90
1,2025:11:29 12:57:11,114.4,85
1,2025:11:29 12:58:11,44.0,39
1,2025:11:29 12:59:11,13.2,40
1,2025:11:29 13:00:11,92.8,85
1,2025:11:29 13:01:11,-37.2,47
1,2025:11:29 13:02:11,62.2,14
1,2025:11:29 13:03:11,83.9,45
1,2025:11:29 13:04:11,78.4,44
1,2025:11:29 13:05:11,123.5,17
1,2025:11:29 13:06:11,60.8,35
1,2025:11:29 13:07:11,-5.8,16
1,2025:11:29 13:08:11,-0.6,34
1,2025:11:29 13:09:11,-4.6,50
1,2025:11:29 13:10:11,8.1,90
1,2025:11:29 13:11:11,21.2,44
1,2025:11:29 13:12:11,-3.4,29
1,2025:11:29 13:13:11,109.2,78
1,2025:11:29 13:14:11,37.0,12
1,2025:11:29 13:15:11,-13.4,94
1,2025:11:29 13:16:11,110.3,74
1,2025:11:29 13:17:11,-31.9,5
1,2025:11:29 13:18:11,-18.2,84
1,2025:11:29 13:19:11,35.5,72
1,2025:11:29 13:20:11,33.6,85
1,2025:11:29 13:21:11,115.5,90
1,2025:11:29 13:22:11,8.1,84
1,2025:11:29 13:23:11,33.8,48
1,2025:11:29 13:24:11,123.3,49
1,2025:11:29 13:25:11,17.2,21
1,2025:11:29 13:26:11,25.2,49
1,2025:11:29 13:27:11,58.7,62
1,2025:11:29 13:28:11,39.9,86
1,2025:11:29 13:29:11,5.1,33
1,2025:11:29 13:30:11,27.2,82
1,2025:11:29 13:31:11,2.5,34
1,2025:11:29 13:32:11,-35.4,93
1,2025:11:29 13:33:11,25.6,46
1,2025:11:29 13:34:11,42.2,69
1,2025:11:29 13:35:11,104.2,12
1,2025:11:29 13:36:11,105.2,38
1,2025:11:29 13:37:11,-25.2,80
1,2025:11:29 13:38:11,19.5,91
1,2025:11:29 13:39:11,99.2,50
1,2025:11:29 13:40:11,-25.4,83
1,2025:11:29 13:41:11,-27.0,62
1,2025:11:29 13:42:11,-15.0,7
1,2025:11:29 13:43:11,122.5,77
1,2025:11:29 13:44:11,83.1,42
1,2025:11:29 13:45:11,81.2,20
1,2025:11:29 13:46:11,-30.9,34
1,2025:11:29 13:47:11,64.9,28
1,2025:11:29 13:48:11,103.3,23
1,2025:11:29 13:49:11,121.8,50
1,2025:11:29 13:50:11,39.3,74
1,2025:11:29 13:51:11,21.9,63
1,2025:11:29 13:52:11,107.8,72
1,2025:11:29 13:53:11,96.5,91
1,2025:11:29 13:54:11,103.8,30
1,2025:11:29 13:55:11,21.5,62
1,2025:11:29 13:56:11,96.2,15
1,2025:11:29 13:57:11,47.7,87
1,2025:11:29 13:58:11,-14.9,100
1,2025:11:29 13:59:11,19.2,96
1,2025:11:29 14:00:11,118.9,68
1,2025:11:29 14:01:11,23.7,49
1,2025:11:29 14:02:11,90.8,100
1,2025:11:29 14:03:11,-2.9,84
1,2025:11:29 14:04:11,9.8,32
1,2025:11:29 14:05:11,-19.7,89
1,2025:11:29 14:06:11,42.4,74
1,2025:11:29 14:07:11,0.2,75
1,2025:11:29 14:08:11,47.2,34
1,2025:11:29 14:09:11,117.7,99
1,2025:11:29 14:10:11,47.9,40
1,2025:11:29 14:11:11,111.5,60
1,2025:11:29 14:12:11,67.1,46
1,2025:11:29 14:13:11,-1.4,6
1,2025:11:29 14:14:11,66.6,17
1,2025:11:29 14:15:11,35.2,31
1,2025:11:29 14:16:11,0.6,9
1,2025:11:29 14:17:11,80.7,62
1,2025:11:29 14:18:11,68.4,95
1,2025:11:29 14:19:11,102.1,50
1,2025:11:29 14:20:11,18.4,95
1,2025:11:29 14:21:11,51.7,75
1,2025:11:29 14:22:11,64.3,14
1,2025:11:29 14:23:11,69.9,23
1,2025:11:29 14:24:11,119.4,30
1,2025:11:29 14:25:11,72.7,80
1,2025:11:29 14:26:11,77.1,31
1,2025:11:29 14:27:11,4.4,20
1,2025:11:29 14:28:11,-13.2,24
1,2025:11:29 14:29:11,-20.5,53
1,2025:11:29 14:30:11,48.8,22
1,2025:11:29 14:31:11,111.0,81
1,2025:11:29 14:32:11,102.4,36
1,2025:11:29 14:33:11,72.4,37
1,2025:11:29 14:34:11,16.2,60
1,2025:11:29 14:35:11,7.5,62
1,2025:11:29 14:36:11,-5.9,61
1,2025:11:29 14:37:11,28.4,48
1,2025:11:29 14:38:11,60.7,94
1,2025:11:29 14:39:11,81.6,75
1,2025:11:29 14:40:11,51.7,65
1,2025:11:29 14:41:11,62.7,10
1,2025:11:29 14:42:11,30.2,43
1,2025:11:29 14:43:11,-20.0,14
1,2025:11:29 14:44:11,-19.2,84
1,2025:11:29 14:45:11,46.7,75
1,2025:11:29 14:46:11,24.0,26
1,2025:11:29 14:47:11,7.0,32
1,2025:11:29 14:48:11,-0.7,59
1,2025:11:29 14:49:11,51.1,77
1,2025:11:29 14:50:11,-8.0,34
1,2025:11:29 14:51:11,-14.7,32
1,2025:11:29 14:52:11,-7.4,65
1,2025:11:29 14:53:11,0.3,81
1,2025:11:29 14:54:11,95.9,97
1,2025:11:29 14:55:11,35.3,79
1,2025:11:29 14:56:11,91.9,86
1,2025:11:29 14:57:11,90.9,57
1,2025:11:29 14:58:11,18.8,22
1,2025:11:29 14:59:11,-27.5,18
1,2025:11:29 15:00:11,35.2,74
1,2025:11:29 15:01:11,-6.7,15
1,2025:11:29 15:02:11,28.2,38
1,2025:11:29 15:03:11,-37.0,51
1,2025:11:29 15:04:11,117.0,22
1,2025:11:29 15:05:11,-28.9,61
1,2025:11:29 15:06:11,-3.1,58
1,2025:11:29 15:07:11,-38.1,64
1,2025:11:29 15:08:11,95.6,20
1,2025:11:29 15:09:11,123.9,52
1,2025:11:29 15:10:11,12.3,63
1,2025:11:29 15:11:11,80.6,75
1,2025:11:29 15:12:11,18.6,98
1,2025:11:29 15:13:11,62.7,38
1,2025:11:29 15:14:11,98.2,37
1,2025:11:29 15:15:11,65.8,40
1,2025:11:29 15:16:11,-3.0,68
1,2025:11:29 15:17:11,9.5,75
1,2025:11:29 15:18:11,40.4,33
1,2025:11:29 15:19:11,38.3,50
1,2025:11:29 15:20:11,82.2,62
1,2025:11:29 15:21:11,18.8,63
1,2025:11:29 15:22:11,-24.9,44
1,2025:11:29 15:23:11,13.6,39
1,2025:11:29 15:24:11,80.3,62
1,2025:11:29 15:25:11,-37.1,98
1,2025:11:29 15:26:11,90.6,65
1,2025:11:29 15:27:11,21.5,71
1,2025:11:29 15:28:11,-33.8,80
1,2025:11:29 15:29:11,115.4,55
1,2025:11:29 15:30:11,101.7,35
1,2025:11:29 15:31:11,-1.8,88
1,2025:11:29 15:32:11,69.0,71
1,2025:11:29 15:33:11,22.4,38
1,2025:11:29 15:34:11,-17.0,52
1,2025:11:29 15:35:11,111.8,37
1,2025:11:29 15:36:11,42.0,91
1,2025:11:29 15:37:11,117.3,26
1,2025:11:29 15:38:11,-20.8,63
1,2025:11:29 15:39:11,36.0,59
1,2025:11:29 15:40:11,80.0,6
1,2025:11:29 15:41:11,-27.0,100
1,2025:11:29 15:42:11,59.8,47
1,2025:11:29 15:43:11,-23.1,43
1,2025:11:29 15:44:11,95.0,6
1,2025:11:29 15:45:11,123.3,86
1,2025:11:29 15:46:11,-28.8,21
1,2025:11:29 15:47:11,-12.3,11
1,2025:11:29 15:48:11,-15.4,62
1,2025:11:29 15:49:11,26.4,72
1,2025:11:29 15:50:11,51.6,7
1,2025:11:29 15:51:11,46.9,52
1,2025:11:29 15:52:11,4.7,20
1,2025:11:29 15:53:11,92.1,22
1,2025:11:29 15:54:11,5.0,91
1,2025:11:29 15:55:11,74.1,5
1,2025:11:29 15:56:11,88.6,84
1,2025:11:29 15:57:11,17.1,64
1,2025:11:29 15:58:11,87.3,80
1,2025:11:29 15:59:11,49.7,31
1,2025:11:29 16:00:11,95.9,76
1,2025:11:29 16:01:11,27.9,41
1,2025:11:29 16:02:11,86.6,70
1,2025:11:29 16:03:11,71.6,7
1,2025:11:29 16:04:11,-1.8,79
1,2025:11:29 16:05:11,82.7,57
1,2025:11:29 16:06:11,55.3,33
1,2025:11:29 16:07:11,21.5,8
1,2025:11:29 16:08:11,4.0,82
1,2025:11:29 16:09:11,0.7,91
1,2025:11:29 16:10:11,-8.3,10
1,2025:11:29 16:11:11,-7.2,46
1,2025:11:29 16:12:11,-39.3,81
1,2025:11:29 16:13:11,24.8,64
1,2025:11:29 16:14:11,118.7,13
1,2025:11:29 16:15:11,-2.3,43
1,2025:11:29 16:16:11,15.7,75
1,2025:11:29 16:17:11,2.4,26
1,2025:11:29 16:18:11,111.1,60
1,2025:11:29 16:19:11,107.0,54
1,2025:11:29 16:20:11,59.9,98
1,2025:11:29 16:21:11,-10.5,65
1,2025:11:29 16:22:11,76.2,42
1,2025:11:29 16:23:11,33.1,7
1,2025:11:29 16:24:11,99.6,60
1,2025:11:29 16:25:11,-32.6,49
1,2025:11:29 16:26:11,-13.4,49
1,2025:11:29 16:27:11,-28.9,28
1,2025:11:29 16:28:11,71.8,37
1,2025:11:29 16:29:11,-7.0,74
1,2025:11:29 16:30:11,42.7,45
1,2025:11:29 16:31:11,58.1,56
1,2025:11:29 16:32:11,92.0,75
1,2025:11:29 16:33:11,122.5,47
1,2025:11:29 16:34:11,-18.6,95
1,2025:11:29 16:35:11,100.2,62
1,2025:11:29 16:36:11,-19.5,96
1,2025:11:29 16:37:11,107.3,72
1,2025:11:29 16:38:11,-25.2,43
1,2025:11:29 16:39:11,63.7,26
1,2025:11:29 16:40:11,47.1,59
1,2025:11:29 16:41:11,18.6,64
1,2025:11:29 16:42:11,-19.4,59
1,2025:11:29 16:43:11,8.0,89
1,2025:11:29 16:44:11,-1.7,88
1,2025:11:29 16:45:11,-14.4,40
1,2025:11:29 16:46:11,21.5,25
1,2025:11:29 16:47:11,122.7,12
1,2025:11:29 16:48:11,93.1,83
1,2025:11:29 16:49:11,35.6,50
1,2025:11:29 16:50:11,72.2,24
1,2025:11:29 16:51:11,42.4,9
1,2025:11:29 16:52:11,91.7,81
1,2025:11:29 16:53:11,38.3,86
1,2025:11:29 16:54:11,49.8,44
1,2025:11:29 16:55:11,79.8,42
1,2025:11:29 16:56:11,122.5,23
1,2025:11:29 16:57:11,83.0,17
1,2025:11:29 16:58:11,72.5,45
1,2025:11:29 16:59:11,86.6,11
1,2025:11:29 17:00:11,2.0,48
1,2025:11:29 17:01:11,-31.6,65
1,2025:11:29 17:02:11,-4.5,57
1,2025:11:29 17:03:11,67.7,80
1,2025:11:29 17:04:11,-22.0,76
1,2025:11:29 17:05:11,116.1,10
1,2025:11:29 17:06:11,41.7,15
1,2025:11:29 17:07:11,74.0,30
1,2025:11:29 17:08:11,90.9,60
1,2025:11:29 17:09:11,112.1,52
1,2025:11:29 17:10:11,48.5,52
1,2025:11:29 17:11:11,32.5,29
1,2025:11:29 17:12:11,-32.1,23
1,2025:11:29 17:13:11,-8.9,74
1,2025:11:29 17:14:11,-25.4,50
1,2025:11:29 17:15:11,9.7,60
1,2025:11:29 17:16:11,40.9,24
1,2025:11:29 17:17:11,-25.6,60
1,2025:11:29 17:18:11,13.5,20
1,2025:11:29 17:19:11,84.1,45
1,2025:11:29 17:20:11,61.8,93
1,2025:11:29 17:21:11,-19.3,94
1,2025:11:29 17:22:11,-13.8,75
1,2025:11:29 17:23:11,-9.8,36
1,2025:11:29 17:24:11,31.3,41
1,2025:11:29 17:25:11,64.9,72
1,2025:11:29 17:26:11,-9.0,44
1,2025:11:29 17:27:11,22.3,61
1,2025:11:29 17:28:11,76.2,99
1,2025:11:29 17:29:11,-29.7,20
1,2025:11:29 17:30:11,2.4,16
1,2025:11:29 17:31:11,59.7,51
1,2025:11:29 17:32:11,98.6,22
1,2025:11:29 17:33:11,103.4,67
1,2025:11:29 17:34:11,67.5,18
1,2025:11:29 17:35:11,17.0,41
1,2025:11:29 17:36:11,25.0,15
1,2025:11:29 17:37:11,-27.1,24
1,2025:11:29 17:38:11,110.5,85
1,2025:11:29 17:39:11,65.6,37
1,2025:11:29 17:40:11,-8.0,34
1,2025:11:29 17:41:11,30.4,91
1,2025:11:29 17:42:11,6.1,28
1,2025:11:29 17:43:11,-30.7,48
1,2025:11:29 17:44:11,-24.3,37
1,2025:11:29 17:45:11,-14.7,24
1,2025:11:29 17:46:11,84.9,79
1,2025:11:29 17:47:11,8.6,88
1,2025:11:29 17:48:11,19.4,50
1,2025:11:29 17:49:11,27.6,93
1,2025:11:29 17:50:11,92.6,61
1,2025:11:29 17:51:11,26.5,14
1,2025:11:29 17:52:11,69.2,9
1,2025:11:29 17:53:11,8.3,95
1,2025:11:29 17:54:11,67.5,52
1,2025:11:29 17:55:11,64.2,72
1,2025:11:29 17:56:11,77.7,45
1,2025:11:29 17:57:11,43.8,22
1,2025:11:29 17:58:11,0.6,11
1,2025:11:29 17:59:11,108.3,96
1,2025:11:29 18:00:11,46.0,34
1,2025:11:29 18:01:11,67.7,60
1,2025:11:29 18:02:11,94.0,56
1,2025:11:29 18:03:11,107.6,83
1,2025:11:29 18:04:11,3.6,21
1,2025:11:29 18:05:11,-19.3,82
1,2025:11:29 18:06:11,-32.6,26
1,2025:11:29 18:07:11,92.0,99
1,2025:11:29 18:08:11,91.6,52
1,2025:11:29 18:09:11,69.6,27
1,2025:11:29 18:10:11,113.5,17
1,2025:11:29 18:11:11,64.8,85
1,2025:11:29 18:12:11,89.0,18
1,2025:11:29 18:13:11,42.9,63
1,2025:11:29 18:14:11,-10.3,33
1,2025:11:29 18:15:11,-1.6,83
1,2025:11:29 18:16:11,32.1,5
1,2025:11:29 18:17:11,-13.9,42
1,2025:11:29 18:18:11,10.1,51
1,2025:11:29 18:19:11,97.8,12
1,2025:11:29 18:20:11,112.0,7
1,2025:11:29 18:21:11,99.0,10
1,2025:11:29 18:22:11,8.9,20
1,2025:11:29 18:23:11,12.3,47
1,2025:11:29 18:24:11,15.1,56
1,2025:11:29 18:25:11,41.3,84
1,2025:11:29 18:26:11,117.9,19
1,2025:11:29 18:27:11,-34.4,20
1,2025:11:29 18:28:11,17.1,58
1,2025:11:29 18:29:11,32.1,64
1,2025:11:29 18:30:11,96.9,7
1,2025:11:29 18:31:11,8.3,51
1,2025:11:29 18:32:11,34.9,83
1,2025:11:29 18:33:11,71.4,40
1,2025:11:29 18:34:11,86.9,71
1,2025:11:29 18:35:11,34.6,75
1,2025:11:29 18:36:11,101.4,15
1,2025:11:29 18:37:11,90.5,13
1,2025:11:29 18:38:11,-18.0,17
1,2025:11:29 18:39:11,66.0,28
1,2025:11:29 18:40:11,118.6,28
1,2025:11:29 18:41:11,40.3,18
1,2025:11:29 18:42:11,58.6,99
1,2025:11:29 18:43:11,-20.7,13
1,2025:11:29 18:44:11,44.3,76
1,2025:11:29 18:45:11,83.0,31
1,2025:11:29 18:46:11,58.9,5
1,2025:11:29 18:47:11,-3.8,7
1,2025:11:29 18:48:11,16.2,23
1,2025:11:29 18:49:11,61.0,96
1,2025:11:29 18:50:11,26.5,93
1,2025:11:29 18:51:11,122.9,24
1,2025:11:29 18:52:11,84.3,54
1,2025:11:29 18:53:11,60.2,67
1,2025:11:29 18:54:11,90.1,89
1,2025:11:29 18:55:11,21.1,49
1,2025:11:29 18:56:11,46.7,9
1,2025:11:29 18:57:11,85.3,62
1,2025:11:29 18:58:11,21.7,9
1,2025:11:29 18:59:11,-26.9,8
1,2025:11:29 19:00:11,48.4,17
1,2025:11:29 19:01:11,4.3,6
1,2025:11:29 19:02:11,50.8,66
1,2025:11:29 19:03:11,-30.0,87
1,2025:11:29 19:04:11,-36.6,55
1,2025:11:29 19:05:11,89.9,89
1,2025:11:29 19:06:11,-31.2,28
1,2025:11:29 19:07:11,57.4,59
1,2025:11:29 19:08:11,34.0,67
1,2025:11:29 19:09:11,15.3,53
1,2025:11:29 19:10:11,-15.0,85
1,2025:11:29 19:11:11,-39.9,86
1,2025:11:29 19:12:11,-35.3,38
1,2025:11:29 19:13:11,97.0,62
1,2025:11:29 19:14:11,36.5,44
1,2025:11:29 19:15:11,-36.0,45
1,2025:11:29 19:16:11,98.2,49
1,2025:11:29 19:17:11,1.5,28
1,2025:11:29 19:18:11,25.9,7
1,2025:11:29 19:19:11,86.9,75
1,2025:11:29 19:20:11,54.7,27
1,2025:11:29 19:21:11,29.8,58
1,2025:11:29 19:22:11,-2.4,13
1,2025:11:29 19:23:11,12.1,28
1,2025:11:29 19:24:11,114.5,95
1,2025:11:29 19:25:11,30.0,9
1,2025:11:29 19:26:11,86.6,45
1,2025:11:29 19:27:11,115.0,19
1,2025:11:29 19:28:11,63.7,28
1,2025:11:29 19:29:11,63.2,91
1,2025:11:29 19:30:11,75.6,85
1,2025:11:29 19:31:11,118.1,5
1,2025:11:29 19:32:11,123.0,19
1,2025:11:29 19:33:11,17.4,73
1,2025:11:29 19:34:11,45.8,59
1,2025:11:29 19:35:11,-6.2,11
1,2025:11:29 19:36:11,-0.8,44
1,2025:11:29 19:37:11,-15.6,77
1,2025:11:29 19:38:11,-25.4,56
1,2025:11:29 19:39:11,-19.4,35
1,2025:11:29 19:40:11,20.8,50
1,2025:11:29 19:41:11,80.4,40
1,2025:11:29 19:42:11,98.1,72
1,2025:11:29 19:43:11,42.6,80
1,2025:11:29 19:44:11,65.8,82
1,2025:11:29 19:45:11,38.7,93
1,2025:11:29 19:46:11,55.1,43
1,2025:11:29 19:47:11,91.4,22
1,2025:11:29 19:48:11,78.1,32
1,2025:11:29 19:49:11,61.6,20
1,2025:11:29 19:50:11,115.2,39
1,2025:11:29 19:51:11,-18.0,31
1,2025:11:29 19:52:11,26.7,82
1,2025:11:29 19:53:11,124.7,25
1,2025:11:29 19:54:11,34.8,68
1,2025:11:29 19:55:11,106.0,57
1,2025:11:29 19:56:11,-31.6,35
1,2025:11:29 19:57:11,44.8,91
1,2025:11:29 19:58:11,-4.0,46
1,2025:11:29 19:59:11,108.9,53
1,2025:11:29 20:00:11,48.6,81
1,2025:11:29 20:01:11,-19.6,77
1,2025:11:29 20:02:11,-0.9,23
1,2025:11:29 20:03:11,19.3,73
1,2025:11:29 20:04:11,109.6,63
1,2025:11:29 20:05:11,45.9,7
1,2025:11:29 20:06:11,17.5,50
1,2025:11:29 20:07:11,-2.6,47
1,2025:11:29 20:08:11,62.8,20
1,2025:11:29 20:09:11,28.5,38
1,2025:11:29 20:10:11,91.6,89
1,2025:11:29 20:11:11,21.0,100
1,2025:11:29 20:12:11,33.9,91
1,2025:11:29 20:13:11,33.4,72
1,2025:11:29 20:14:11,30.2,41
1,2025:11:29 20:15:11,4.5,10
1,2025:11:29 20:16:11,115.6,65
1,2025:11:29 20:17:11,77.2,17
1,2025:11:29 20:18:11,40.1,32
1,2025:11:29 20:19:11,21.6,71
1,2025:11:29 20:20:11,59.2,25
1,2025:11:29 20:21:11,114.1,73
1,2025:11:29 20:22:11,-26.0,5
1,2025:11:29 20:23:11,-29.5,67
1,2025:11:29 20:24:11,58.9,91
1,2025:11:29 20:25:11,0.7,28
1,2025:11:29 20:26:11,1.7,33
1,2025:11:29 20:27:11,2.8,14
1,2025:11:29 20:28:11,-10.7,97
1,2025:11:29 20:29:11,58.6,57
1,2025:11:29 20:30:11,63.7,62
1,2025:11:29 20:31:11,64.8,55
1,2025:11:29 20:32:11,66.0,41
1,2025:11:29 20:33:11,90.0,83
1,2025:11:29 20:34:11,88.9,79
1,2025:11:29 20:35:11,37.9,86
1,2025:11:29 20:36:11,124.5,86
1,2025:11:29 20:37:11,-18.0,99
1,2025:11:29 20:38:11,-15.5,72
1,2025:11:29 20:39:11,-18.7,36
1,2025:11:29 20:40:11,-7.9,46
1,2025:11:29 20:41:11,83.3,99
1,2025:11:29 20:42:11,59.9,33
1,2025:11:29 20:43:11,-17.0,61
1,2025:11:29 20:44:11,-37.4,61
1,2025:11:29 20:45:11,34.6,20
1,2025:11:29 20:46:11,67.9,88
1,2025:11:29 20:47:11,114.4,5
1,2025:11:29 20:48:11,54.9,49
1,2025:11:29 20:49:11,11.8,58
1,2025:11:29 20:50:11,-0.5,12
1,2025:11:29 20:51:11,-7.9,32
1,2025:11:29 20:52:11,34.0,29
1,2025:11:29 20:53:11,92.4,59
1,2025:11:29 20:54:11,-8.1,98
1,2025:11:29 20:55:11,94.2,56
1,2025:11:29 20:56:11,30.4,54
1,2025:11:29 20:57:11,55.2,35
1,2025:11:29 20:58:11,9.4,100
1,2025:11:29 20:59:11,43.0,27
1,2025:11:29 21:00:11,107.7,25
1,2025:11:29 21:01:11,107.8,99
1,2025:11:29 21:02:11,122.3,93
1,2025:11:29 21:03:11,-37.5,26
1,2025:11:29 21:04:11,98.2,35
1,2025:11:29 21:05:11,67.5,77
1,2025:11:29 21:06:11,64.2,62
1,2025:11:29 21:07:11,122.8,43
1,2025:11:29 21:08:11,36.7,22
1,2025:11:29 21:09:11,-34.9,90
1,2025:11:29 21:10:11,47.6,60
1,2025:11:29 21:11:11,28.2,8
1,2025:11:29 21:12:11,37.5,59
1,2025:11:29 21:13:11,92.4,36
1,2025:11:29 21:14:11,31.8,15
1,2025:11:29 21:15:11,83.5,78
1,2025:11:29 21:16:11,109.0,91
1,2025:11:29 21:17:11,-3.5,45
1,2025:11:29 21:18:11,85.0,53
1,2025:11:29 21:19:11,63.0,31
1,2025:11:29 21:20:11,72.4,36
1,2025:11:29 21:21:11,54.1,54
1,2025:11:29 21:22:11,23.8,45
1,2025:11:29 21:23:11,-7.1,33
1,2025:11:29 21:24:11,77.7,74
1,2025:11:29 21:25:11,12.2,40
1,2025:11:29 21:26:11,-19.0,93
1,2025:11:29 21:27:11,-18.1,29
1,2025:11:29 21:28:11,67.9,36
1,2025:11:29 21:29:11,107.9,47
1,2025:11:29 21:30:11,86.7,45
1,2025:11:29 21:31:11,-10.2,96
1,2025:11:29 21:32:11,6.9,43
1,2025:11:29 21:33:11,-18.8,57
1,2025:11:29 21:34:11,87.1,73
1,2025:11:29 21:35:11,29.1,29
1,2025:11:29 21:36:11,45.0,63
1,2025:11:29 21:37:11,0.7,60
1,2025:11:29 21:38:11,57.0,99
1,2025:11:29 21:39:11,-24.9,41
1,2025:11:29 21:40:11,-37.5,97
1,2025:11:29 21:41:11,52.4,45
1,2025:11:29 21:42:11,60.1,14
1,2025:11:29 21:43:11,-26.6,29
1,2025:11:29 21:44:11,36.9,89
1,2025:11:29 21:45:11,81.8,42
1,2025:11:29 21:46:11,77.2,68
1,2025:11:29 21:47:11,-38.2,88
1,2025:11:29 21:48:11,32.5,82
1,2025:11:29 21:49:11,79.4,17
1,2025:11:29 21:50:11,38.1,97
1,2025:11:29 21:51:11,118.9,90
1,2025:11:29 21:52:11,109.1,25
1,2025:11:29 21:53:11,3.4,71
1,2025:11:29 21:54:11,121.1,37
1,2025:11:29 21:55:11,96.4,11
1,2025:11:29 21:56:11,17.8,98
1,2025:11:29 21:57:11,-28.3,18
1,2025:11:29 21:58:11,1.0,54
1,2025:11:29 21:59:11,5.4,50
1,2025:11:29 22:00:11,50.5,36
1,2025:11:29 22:01:11,61.2,62
1,2025:11:29 22:02:11,14.7,28
1,2025:11:29 22:03:11,18.9,62
1,2025:11:29 22:04:11,112.7,88
1,2025:11:29 22:05:11,45.4,28
1,2025:11:29 22:06:11,120.9,100
1,2025:11:29 22:07:11,79.5,96
1,2025:11:29 22:08:11,53.7,29
1,2025:11:29 22:09:11,60.3,94
1,2025:11:29 22:10:11,116.6,62
1,2025:11:29 22:11:11,38.6,78
1,2025:11:29 22:12:11,100.7,86
1,2025:11:29 22:13:11,53.2,61
1,2025:11:29 22:14:11,123.0,30
1,2025:11:29 22:15:11,64.9,98
1,2025:11:29 22:16:11,75.7,10
1,2025:11:29 22:17:11,-4.7,84
1,2025:11:29 22:18:11,18.7,31
1,2025:11:29 22:19:11,-0.1,26
1,2025:11:29 22:20:11,35.1,100
1,2025:11:29 22:21:11,30.8,98
1,2025:11:29 22:22:11,-33.7,27
1,2025:11:29 22:23:11,-27.1,22
1,2025:11:29 22:24:11,23.5,81
1,2025:11:29 22:25:11,71.4,43
1,2025:11:29 22:26:11,52.0,52
1,2025:11:29 22:27:11,-37.2,28
1,2025:11:29 22:28:11,94.4,5
1,2025:11:29 22:29:11,-13.1,88
1,2025:11:29 22:30:11,28.9,78
1,2025:11:29 22:31:11,123.6,55
1,2025:11:29 22:32:11,104.9,54
1,2025:11:29 22:33:11,65.1,18
1,2025:11:29 22:34:11,-12.9,50
1,2025:11:29 22:35:11,58.4,84
1,2025:11:29 22:36:11,108.2,30
1,2025:11:29 22:37:11,89.2,75
1,2025:11:29 22:38:11,-26.2,45
1,2025:11:29 22:39:11,10.7,35
1,2025:11:29 22:40:11,24.0,93
1,2025:11:29 22:41:11,4.1,54
1,2025:11:29 22:42:11,44.6,79
1,2025:11:29 22:43:11,14.7,28
1,2025:11:29 22:44:11,72.7,54
1,2025:11:29 22:45:11,24.8,9
1,2025:11:29 22:46:11,89.6,13
1,2025:11:29 22:47:11,-27.2,88
1,2025:11:29 22:48:11,-8.3,13
1,2025:11:29 22:49:11,23.8,98
1,2025:11:29 22:50:11,91.1,31
1,2025:11:29 22:51:11,2.2,84
1,2025:11:29 22:52:11,6.2,48
1,2025:11:29 22:53:11,11.1,95
1,2025:11:29 22:54:11,-9.1,35
1,2025:11:29 22:55:11,58.7,81
1,2025:11:29 22:56:11,86.6,75
1,2025:11:29 22:57:11,57.4,5
1,2025:11:29 22:58:11,-10.4,56
1,2025:11:29 22:59:11,-5.5,54
1,2025:11:29 23:00:11,-29.9,17
1,2025:11:29 23:01:11,-9.0,90
1,2025:11:29 23:02:11,124.3,100
1,2025:11:29 23:03:11,48.2,77
1,2025:11:29 23:04:11,110.3,90
1,2025:11:29 23:05:11,21.7,11
1,2025:11:29 23:06:11,115.1,46
1,2025:11:29 23:07:11,118.8,34
1,2025:11:29 23:08:11,89.1,95
1,2025:11:29 23:09:11,-16.0,6
1,2025:11:29 23:10:11,-26.4,100
1,2025:11:29 23:11:11,-32.5,7
1,2025:11:29 23:12:11,103.3,96
1,2025:11:29 23:13:11,2.7,33
1,2025:11:29 23:14:11,55.5,55
1,2025:11:29 23:15:11,16.9,19
1,2025:11:29 23:16:11,77.2,95
1,2025:11:29 23:17:11,106.6,50
1,2025:11:29 23:18:11,60.7,90
1,2025:11:29 23:19:11,110.0,62
1,2025:11:29 23:20:11,35.5,67
1,2025:11:29 23:21:11,111.0,20
1,2025:11:29 23:22:11,116.9,7
1,2025:11:29 23:23:11,20.4,6
1,2025:11:29 23:24:11,82.8,22
1,2025:11:29 23:25:11,97.7,41
1,2025:11:29 23:26:11,-13.9,25
1,2025:11:29 23:27:11,67.0,13
1,2025:11:29 23:28:11,-8.1,71
1,2025:11:29 23:29:11,8.1,82
1,2025:11:29 23:30:11,24.3,51
1,2025:11:29 23:31:11,16.4,25
1,2025:11:29 23:32:11,50.0,40
1,2025:11:29 23:33:11,-0.3,56
1,2025:11:29 23:34:11,99.5,56
1,2025:11:29 23:35:11,68.2,83
1,2025:11:29 23:36:11,28.2,80
1,2025:11:29 23:37:11,81.1,71
1,2025:11:29 23:38:11,97.4,16
1,2025:11:29 23:39:11,-36.6,8
1,2025:11:29 23:40:11,68.8,59
1,2025:11:29 23:41:11,13.8,14
1,2025:11:29 23:42:11,35.7,10
1,2025:11:29 23:43:11,12.0,75
1,2025:11:29 23:44:11,26.2,69
1,2025:11:29 23:45:11,-21.0,96
1,2025:11:29 23:46:11,116.1,84
1,2025:11:29 23:47:11,76.7,81
1,2025:11:29 23:48:11,65.6,83
1,2025:11:29 23:49:11,25.6,54
1,2025:11:29 23:50:11,54.8,37
1,2025:11:29 23:51:11,-18.1,20
1,2025:11:29 23:52:11,44.9,74
1,2025:11:29 23:53:11,118.1,11
1,2025:11:29 23:54:11,0.9,84
1,2025:11:29 23:55:11,24.1,48
1,2025:11:29 23:56:11,-10.6,54
1,2025:11:29 23:57:11,121.0,62
1,2025:11:29 23:58:11,73.2,30
1,2025:11:29 23:59:11,101.4,73
1,2025:11:30 00:00:11,10.5,5
1,2025:11:30 00:01:11,52.6,20
1,2025:11:30 00:02:11,-0.8,36
1,2025:11:30 00:03:11,101.2,99
1,2025:11:30 00:04:11,-3.3,41
1,2025:11:30 00:05:11,111.4,83
1,2025:11:30 00:06:11,13.9,74
1,2025:11:30 00:07:11,60.1,41
1,2025:11:30 00:08:11,67.8,57
1,2025:11:30 00:09:11,-19.6,40
1,2025:11:30 00:10:11,45.1,57
1,2025:11:30 00:11:11,97.9,7
1,2025:11:30 00:12:11,-22.2,16
1,2025:11:30 00:13:11,50.0,34
1,2025:11:30 00:14:11,-7.4,62
1,2025:11:30 00:15:11,124.0,15
1,2025:11:30 00:16:11,105.1,13
1,2025:11:30 00:17:11,103.5,20
1,2025:11:30 00:18:11,110.5,9
1,2025:11:30 00:19:11,-22.2,88
1,2025:11:30 00:20:11,71.8,81
1,2025:11:30 00:21:11,86.5,55
1,2025:11:30 00:22:11,7.7,46
1,2025:11:30 00:23:11,1.2,90
1,2025:11:30 00:24:11,105.2,68
1,2025:11:30 00:25:11,-11.5,70
1,2025:11:30 00:26:11,60.8,8
1,2025:11:30 00:27:11,65.0,51
1,2025:11:30 00:28:11,27.9,49
1,2025:11:30 00:29:11,-6.5,64
1,2025:11:30 00:30:11,-38.7,81
1,2025:11:30 00:31:11,17.8,37
1,2025:11:30 00:32:11,0.9,69
1,2025:11:30 00:33:11,72.8,42
1,2025:11:30 00:34:11,5.0,75
1,2025:11:30 00:35:11,73.9,22
1,2025:11:30 00:36:11,50.3,84
1,2025:11:30 00:37:11,11.9,74
1,2025:11:30 00:38:11,9.8,58
1,2025:11:30 00:39:11,-16.8,79
1,2025:11:30 00:40:11,25.9,84
1,2025:11:30 00:41:11,34.7,77
1,2025:11:30 00:42:11,-13.0,8
1,2025:11:30 00:43:11,120.2,62
1,2025:11:30 00:44:11,-5.6,32
1,2025:11:30 00:45:11,46.4,98
1,2025:11:30 00:46:11,89.7,32
1,2025:11:30 00:47:11,35.6,84
1,2025:11:30 00:48:11,74.8,54
1,2025:11:30 00:49:11,-30.8,92
1,2025:11:30 00:50:11,5.8,51
1,2025:11:30 00:51:11,81.4,71
1,2025:11:30 00:52:11,47.1,89
1,2025:11:30 00:53:11,16.1,52
1,2025:11:30 00:54:11,102.7,54
1,2025:11:30 00:55:11,3.4,16
1,2025:11:30 00:56:11,54.5,48
1,2025:11:30 00:57:11,78.5,5
1,2025:11:30 00:58:11,36.2,97
1,2025:11:30 00:59:11,112.6,14
1,2025:11:30 01:00:11,87.8,6
1,2025:11:30 01:01:11,40.5,46
1,2025:11:30 01:02:11,101.8,50
1,2025:11:30 01:03:11,84.7,34
1,2025:11:30 01:04:11,69.2,40
1,2025:11:30 01:05:11,32.9,20
1,2025:11:30 01:06:11,49.6,8
1,2025:11:30 01:07:11,6.9,49
1,2025:11:30 01:08:11,38.3,41
1,2025:11:30 01:09:11,-35.5,93
1,2025:11:30 01:10:11,-18.2,73
1,2025:11:30 01:11:11,43.8,38
1,2025:11:30 01:12:11,111.4,33
1,2025:11:30 01:13:11,-18.7,54
1,2025:11:30 01:14:11,34.2,61
1,2025:11:30 01:15:11,41.0,13
1,2025:11:30 01:16:11,49.3,10
1,2025:11:30 01:17:11,39.6,46
1,2025:11:30 01:18:11,-5.3,80
1,2025:11:30 01:19:11,56.7,88
1,2025:11:30 01:20:11,82.5,98
1,2025:11:30 01:21:11,76.5,24
1,2025:11:30 01:22:11,16.1,83
1,2025:11:30 01:23:11,6.3,62
1,2025:11:30 01:24:11,25.4,76
1,2025:11:30 01:25:11,119.2,77
1,2025:11:30 01:26:11,110.8,28
1,2025:11:30 01:27:11,71.1,87
1,2025:11:30 01:28:11,-22.0,15
1,2025:11:30 01:29:11,1.5,72
1,2025:11:30 01:30:11,79.8,34
1,2025:11:30 01:31:11,53.8,33
1,2025:11:30 01:32:11,-24.0,21
1,2025:11:30 01:33:11,9.5,9
1,2025:11:30 01:34:11,38.8,65
1,2025:11:30 01:35:11,-7.1,63
1,2025:11:30 01:36:11,73.8,77
1,2025:11:30 01:37:11,-20.4,82
1,2025:11:30 01:38:11,58.5,60
1,2025:11:30 01:39:11,55.2,20
1,2025:11:30 01:40:11,35.9,73
1,2025:11:30 01:41:11,-15.2,45
1,2025:11:30 01:42:11,71.9,54
1,2025:11:30 01:43:11,36.2,12
1,2025:11:30 01:44:11,121.2,33
1,2025:11:30 01:45:11,-30.1,35
1,2025:11:30 01:46:11,50.3,88
1,2025:11:30 01:47:11,118.6,84
1,2025:11:30 01:48:11,-9.3,14
1,2025:11:30 01:49:11,-16.7,70
1,2025:11:30 01:50:11,117.9,15
1,2025:11:30 01:51:11,84.2,93
1,2025:11:30 01:52:11,28.0,48
1,2025:11:30 01:53:11,18.5,9
1,2025:11:30 01:54:11,108.3,10
1,2025:11:30 01:55:11,113.7,29
1,2025:11:30 01:56:11,122.9,9
1,2025:11:30 01:57:11,122.7,99
1,2025:11:30 01:58:11,50.3,64
1,2025:11:30 01:59:11,39.8,78
1,2025:11:30 02:00:11,43.8,95
1,2025:11:30 02:01:11,113.8,80
1,2025:11:30 02:02:11,96.4,72
1,2025:11:30 02:03:11,22.9,13
1,2025:11:30 02:04:11,77.0,62
1,2025:11:30 02:05:11,60.9,79
1,2025:11:30 02:06:11,58.8,63
1,2025:11:30 02:07:11,11.0,92
1,2025:11:30 02:08:11,120.7,52
1,2025:11:30 02:09:11,42.0,5
1,2025:11:30 02:10:11,40.0,6
1,2025:11:30 02:11:11,-38.6,32
1,2025:11:30 02:12:11,35.5,83
1,2025:11:30 02:13:11,6.3,88
1,2025:11:30 02:14:11,9.8,65
1,2025:11:30 02:15:11,1.9,99
1,2025:11:30 02:16:11,99.3,51
1,2025:11:30 02:17:11,68.0,53
1,2025:11:30 02:18:11,-18.3,90
1,2025:11:30 02:19:11,33.5,20
1,2025:11:30 02:20:11,79.4,45
1,2025:11:30 02:21:11,79.1,75
1,2025:11:30 02:22:11,-38.1,59
1,2025:11:30 02:23:11,98.0,66
1,2025:11:30 02:24:11,58.5,32
1,2025:11:30 02:25:11,-34.3,14
1,2025:11:30 02:26:11,1.6,23
1,2025:11:30 02:27:11,22.5,5
1,2025:11:30 02:28:11,43.5,80
1,2025:11:30 02:29:11,1.2,53
1,2025:11:30 02:30:11,22.1,34
1,2025:11:30 02:31:11,-7.8,85
1,2025:11:30 02:32:11,7.1,98
1,2025:11:30 02:33:11,28.9,60
1,2025:11:30 02:34:11,73.4,21
1,2025:11:30 02:35:11,71.8,81
1,2025:11:30 02:36:11,32.8,66
1,2025:11:30 02:37:11,107.1,66
1,2025:11:30 02:38:11,35.8,75
1,2025:11:30 02:39:11,-5.2,57
1,2025:11:30 02:40:11,68.6,61
1,2025:11:30 02:41:11,102.1,12
1,2025:11:30 02:42:11,84.5,38
1,2025:11:30 02:43:11,45.5,84
1,2025:11:30 02:44:11,112.5,7
1,2025:11:30 02:45:11,44.8,32
1,2025:11:30 02:46:11,102.6,75
1,2025:11:30 02:47:11,64.9,11
1,2025:11:30 02:48:11,7.3,87
1,2025:11:30 02:49:11,95.4,43
1,2025:11:30 02:50:11,21.9,65
1,2025:11:30 02:51:11,43.8,44
1,2025:11:30 02:52:11,-1.5,70
1,2025:11:30 02:53:11,115.9,60
1,2025:11:30 02:54:11,102.1,86
1,2025:11:30 02:55:11,-4.7,72
1,2025:11:30 02:56:11,73.9,51
1,2025:11:30 02:57:11,5.9,71
1,2025:11:30 02:58:11,-7.0,91
1,2025:11:30 02:59:11,93.8,21
1,2025:11:30 03:00:11,68.6,97
1,2025:11:30 03:01:11,-23.4,35
1,2025:11:30 03:02:11,44.6,67
1,2025:11:30 03:03:11,93.7,13
1,2025:11:30 03:04:11,35.9,23
1,2025:11:30 03:05:11,103.0,12
1,2025:11:30 03:06:11,80.8,71
1,2025:11:30 03:07:11,5.0,45
1,2025:11:30 03:08:11,62.9,64
1,2025:11:30 03:09:11,-21.5,97
1,2025:11:30 03:10:11,91.2,5
1,2025:11:30 03:11:11,47.9,86
1,2025:11:30 03:12:11,23.4,41
1,2025:11:30 03:13:11,123.9,7
1,2025:11:30 03:14:11,35.0,93
1,2025:11:30 03:15:11,50.0,16
1,2025:11:30 03:16:11,94.2,6
1,2025:11:30 03:17:11,33.4,36
1,2025:11:30 03:18:11,79.9,19
1,2025:11:30 03:19:11,101.8,98
1,2025:11:30 03:20:11,54.5,13
1,2025:11:30 03:21:11,119.4,37
1,2025:11:30 03:22:11,117.2,79
1,2025:11:30 03:23:11,-4.7,60
1,2025:11:30 03:24:11,8.7,89
1,2025:11:30 03:25:11,-35.0,89
1,2025:11:30 03:26:11,41.2,32
1,2025:11:30 03:27:11,85.7,77
1,2025:11:30 03:28:11,56.5,40
1,2025:11:30 03:29:11,-20.3,52
1,2025:11:30 03:30:11,-33.4,52
1,2025:11:30 03:31:11,111.4,45
1,2025:11:30 03:32:11,67.0,61
1,2025:11:30 03:33:11,23.7,77
1,2025:11:30 03:34:11,53.6,34
1,2025:11:30 03:35:11,97.1,20
1,2025:11:30 03:36:11,50.7,63
1,2025:11:30 03:37:11,114.5,32
1,2025:11:30 03:38:11,106.1,65
1,2025:11:30 03:39:11,39.2,65
1,2025:11:30 03:40:11,-25.8,56
1,2025:11:30 03:41:11,82.6,77
1,2025:11:30 03:42:11,99.0,46
1,2025:11:30 03:43:11,26.2,20
1,2025:11:30 03:44:11,8.6,23
1,2025:11:30 03:45:11,-10.8,54
1,2025:11:30 03:46:11,-17.8,73
1,2025:11:30 03:47:11,-35.1,52
1,2025:11:30 03:48:11,55.8,79
1,2025:11:30 03:49:11,-11.9,5
1,2025:11:30 03:50:11,83.9,24
1,2025:11:30 03:51:11,71.7,42
1,2025:11:30 03:52:11,37.5,21
1,2025:11:30 03:53:11,-40.0,68
1,2025:11:30 03:54:11,-33.8,68
1,2025:11:30 03:55:11,-19.1,68
1,2025:11:30 03:56:11,123.3,38
1,2025:11:30 03:57:11,75.4,67
1,2025:11:30 03:58:11,24.4,23
1,2025:11:30 03:59:11,101.4,51
1,2025:11:30 04:00:11,70.9,95
1,2025:11:30 04:01:11,-24.9,54
1,2025:11:30 04:02:11,54.4,36
1,2025:11:30 04:03:11,106.7,13
1,2025:11:30 04:04:11,-10.0,35
1,2025:11:30 04:05:11,34.3,52
1,2025:11:30 04:06:11,67.4,63
1,2025:11:30 04:07:11,2.7,12
1,2025:11:30 04:08:11,54.2,88
1,2025:11:30 04:09:11,89.7,25
1,2025:11:30 04:10:11,54.1,32
1,2025:11:30 04:11:11,-21.0,13
1,2025:11:30 04:12:11,-13.9,74
1,2025:11:30 04:13:11,84.6,100
1,2025:11:30 04:14:11,15.8,68
1,2025:11:30 04:15:11,33.1,18
1,2025:11:30 04:16:11,-34.7,7
1,2025:11:30 04:17:11,-7.8,26
1,2025:11:30 04:18:11,99.1,44
1,2025:11:30 04:19:11,27.7,33
1,2025:11:30 04:20:11,-10.1,98
1,2025:11:30 04:21:11,7.0,98
1,2025:11:30 04:22:11,9.1,93
1,2025:11:30 04:23:11,16.2,66
1,2025:11:30 04:24:11,0.5,16
1,2025:11:30 04:25:11,14.5,39
1,2025:11:30 04:26:11,10.0,94
1,2025:11:30 04:27:11,11.4,5
1,2025:11:30 04:28:11,108.0,13
1,2025:11:30 04:29:11,-11.5,25
1,2025:11:30 04:30:11,49.5,61
1,2025:11:30 04:31:11,22.2,89
1,2025:11:30 04:32:11,99.5,24
1,2025:11:30 04:33:11,-2.5,43
1,2025:11:30 04:34:11,-24.5,10
1,2025:11:30 04:35:11,28.3,54
1,2025:11:30 04:36:11,36.4,83
1,2025:11:30 04:37:11,-17.0,23
1,2025:11:30 04:38:11,22.0,26
1,2025:11:30 04:39:11,58.3,52
1,2025:11:30 04:40:11,-33.1,36
1,2025:11:30 04:41:11,-27.9,22
1,2025:11:30 04:42:11,77.3,38
1,2025:11:30 04:43:11,41.1,50
1,2025:11:30 04:44:11,70.6,23
1,2025:11:30 04:45:11,62.3,8
1,2025:11:30 04:46:11,45.4,41
1,2025:11:30 04:47:11,89.5,80
1,2025:11:30 04:48:11,82.0,90
1,2025:11:30 04:49:11,14.7,50
1,2025:11:30 04:50:11,-18.8,6
1,2025:11:30 04:51:11,63.4,21
1,2025:11:30 04:52:11,-28.5,31
1,2025:11:30 04:53:11,106.1,27
1,2025:11:30 04:54:11,-2.3,95
1,2025:11:30 04:55:11,59.3,11
1,2025:11:30 04:56:11,70.0,29
1,2025:11:30 04:57:11,102.6,46
1,2025:11:30 04:58:11,112.5,95
1,2025:11:30 04:59:11,15.0,93
1,2025:11:30 05:00:11,-24.0,47
1,2025:11:30 05:01:11,-11.8,27
1,2025:11:30 05:02:11,31.7,49
1,2025:11:30 05:03:11,75.2,96
1,2025:11:30 05:04:11,42.1,84
1,2025:11:30 05:05:11,-30.1,21
1,2025:11:30 05:06:11,26.9,6
1,2025:11:30 05:07:11,72.5,39
1,2025:11:30 05:08:11,-7.3,13
1,2025:11:30 05:09:11,91.9,54
1,2025:11:30 05:10:11,100.8,52
1,2025:11:30 05:11:11,99.3,13
1,2025:11:30 05:12:11,121.7,66
1,2025:11:30 05:13:11,117.9,87
1,2025:11:30 05:14:11,80.6,82
1,2025:11:30 05:15:11,29.9,79
1,2025:11:30 05:16:11,117.3,94
1,2025:11:30 05:17:11,10.7,56
1,2025:11:30 05:18:11,-20.4,92
1,2025:11:30 05:19:11,-31.0,79
1,2025:11:30 05:20:11,-30.2,78
1,2025:11:30 05:21:11,20.9,94
1,2025:11:30 05:22:11,-33.4,53
1,2025:11:30 05:23:11,-20.5,51
1,2025:11:30 05:24:11,-6.6,38
1,2025:11:30 05:25:11,53.5,48
1,2025:11:30 05:26:11,109.3,96
1,2025:11:30 05:27:11,77.7,67
1,2025:11:30 05:28:11,-39.8,92
1,2025:11:30 05:29:11,-38.1,89
1,2025:11:30 05:30:11,54.8,70
1,2025:11:30 05:31:11,2.1,15
1,2025:11:30 05:32:11,-11.9,43
1,2025:11:30 05:33:11,111.0,9
1,2025:11:30 05:34:11,-31.3,51
1,2025:11:30 05:35:11,75.2,70
1,2025:11:30 05:36:11,45.9,17
1,2025:11:30 05:37:11,62.8,52
1,2025:11:30 05:38:11,92.7,89
1,2025:11:30 05:39:11,23.0,64
1,2025:11:30 05:40:11,57.6,82
1,2025:11:30 05:41:11,5.6,49
1,2025:11:30 05:42:11,74.5,12
1,2025:11:30 05:43:11,43.5,54
1,2025:11:30 05:44:11,109.1,83
1,2025:11:30 05:45:11,-24.4,92
1,2025:11:30 05:46:11,51.5,100
1,2025:11:30 05:47:11,-2.6,68
1,2025:11:30 05:48:11,98.0,95
1,2025:11:30 05:49:11,7.5,53
1,2025:11:30 05:50:11,22.1,94
1,2025:11:30 05:51:11,22.5,46
1,2025:11:30 05:52:11,-17.9,37
1,2025:11:30 05:53:11,57.5,30
1,2025:11:30 05:54:11,-19.1,27
1,2025:11:30 05:55:11,96.1,88
1,2025:11:30 05:56:11,-34.6,88
1,2025:11:30 05:57:11,30.1,97
1,2025:11:30 05:58:11,-9.0,63
1,2025:11:30 05:59:11,30.3,44
1,2025:11:30 06:00:11,-37.2,78
1,2025:11:30 06:01:11,72.0,40
1,2025:11:30 06:02:11,30.5,19
1,2025:11:30 06:03:11,66.0,88
1,2025:11:30 06:04:11,-7.7,65
1,2025:11:30 06:05:11,-19.4,99
1,2025:11:30 06:06:11,105.9,100
1,2025:11:30 06:07:11,84.3,13
1,2025:11:30 06:08:11,10.7,18
1,2025:11:30 06:09:11,34.2,70
1,2025:11:30 06:10:11,-25.1,98
1,2025:11:30 06:11:11,76.2,34
1,2025:11:30 06:12:11,17.5,33
1,2025:11:30 06:13:11,111.0,72
1,2025:11:30 06:14:11,-38.3,66
1,2025:11:30 06:15:11,56.2,79
1,2025:11:30 06:16:11,96.8,53
1,2025:11:30 06:17:11,66.3,6
1,2025:11:30 06:18:11,59.8,60
1,2025:11:30 06:19:11,77.9,50
1,2025:11:30 06:20:11,67.2,90
1,2025:11:30 06:21:11,47.9,61
1,2025:11:30 06:22:11,-35.4,77
1,2025:11:30 06:23:11,23.4,77
1,2025:11:30 06:24:11,59.9,62
1,2025:11:30 06:25:11,88.8,51
1,2025:11:30 06:26:11,32.1,55
1,2025:11:30 06:27:11,-9.4,5
1,2025:11:30 06:28:11,45.3,52
1,2025:11:30 06:29:11,-30.9,15
1,2025:11:30 06:30:11,32.5,60
1,2025:11:30 06:31:11,123.8,37
1,2025:11:30 06:32:11,122.0,50
1,2025:11:30 06:33:11,5.5,28
1,2025:11:30 06:34:11,-14.2,39
1,2025:11:30 06:35:11,52.3,90
1,2025:11:30 06:36:11,84.5,50
1,2025:11:30 06:37:11,-36.3,42
1,2025:11:30 06:38:11,110.9,67
1,2025:11:30 06:39:11,82.2,84
1,2025:11:30 06:40:11,83.8,52
1,2025:11:30 06:41:11,54.5,45
1,2025:11:30 06:42:11,52.8,33
1,2025:11:30 06:43:11,15.8,43
1,2025:11:30 06:44:11,71.2,26
1,2025:11:30 06:45:11,52.6,92
1,2025:11:30 06:46:11,28.0,22
1,2025:11:30 06:47:11,55.2,24
1,2025:11:30 06:48:11,5.3,42
1,2025:11:30 06:49:11,3.7,19
1,2025:11:30 06:50:11,93.1,59
1,2025:11:30 06:51:11,-6.7,55
1,2025:11:30 06:52:11,-3.1,80
1,2025:11:30 06:53:11,44.6,18
1,2025:11:30 06:54:11,10.9,43
1,2025:11:30 06:55:11,-7.4,76
1,2025:11:30 06:56:11,61.9,26
1,2025:11:30 06:57:11,-3.6,92
1,2025:11:30 06:58:11,45.8,73
1,2025:11:30 06:59:11,-17.0,27
1,2025:11:30 07:00:11,-21.9,90
1,2025:11:30 07:01:11,51.5,25
1,2025:11:30 07:02:11,45.8,56
1,2025:11:30 07:03:11,-12.8,46
1,2025:11:30 07:04:11,69.4,40
1,2025:11:30 07:05:11,77.1,52
1,2025:11:30 07:06:11,114.5,96
1,2025:11:30 07:07:11,54.2,19
1,2025:11:30 07:08:11,112.8,61
1,2025:11:30 07:09:11,14.0,61
1,2025:11:30 07:10:11,64.0,48
1,2025:11:30 07:11:11,-33.9,28
1,2025:11:30 07:12:11,-0.1,56
1,2025:11:30 07:13:11,46.8,72
1,2025:11:30 07:14:11,-37.0,86
1,2025:11:30 07:15:11,38.0,61
1,2025:11:30 07:16:11,5.0,29
1,2025:11:30 07:17:11,52.6,12
1,2025:11:30 07:18:11,-38.0,41
1,2025:11:30 07:19:11,40.9,17
1,2025:11:30 07:20:11,2.5,49
1,2025:11:30 07:21:11,-21.1,38
1,2025:11:30 07:22:11,56.2,32
1,2025:11:30 07:23:11,43.0,85
1,2025:11:30 07:24:11,106.5,64
1,2025:11:30 07:25:11,-7.3,51
1,2025:11:30 07:26:11,117.7,56
1,2025:11:30 07:27:11,33.7,12
1,2025:11:30 07:28:11,94.0,88
1,2025:11:30 07:29:11,74.7,25
1,2025:11:30 07:30:11,29.9,81
1,2025:11:30 07:31:11,-19.1,89
1,2025:11:30 07:32:11,86.5,11
1,2025:11:30 07:33:11,45.3,31
1,2025:11:30 07:34:11,90.7,81
1,2025:11:30 07:35:11,-7.9,72
1,2025:11:30 07:36:11,14.1,16
1,2025:11:30 07:37:11,24.2,16
1,2025:11:30 07:38:11,32.6,64
1,2025:11:30 07:39:11,82.2,38
1,2025:11:30 07:40:11,8.0,34
1,2025:11:30 07:41:11,3.1,92
1,2025:11:30 07:42:11,-37.1,75
1,2025:11:30 07:43:11,45.8,35
1,2025:11:30 07:44:11,71.3,95
1,2025:11:30 07:45:11,16.4,87
1,2025:11:30 07:46:11,85.1,98
1,2025:11:30 07:47:11,91.6,23
1,2025:11:30 07:48:11,17.9,11
1,2025:11:30 07:49:11,85.5,57
1,2025:11:30 07:50:11,29.4,26
1,2025:11:30 07:51:11,96.1,91
1,2025:11:30 07:52:11,8.9,43
1,2025:11:30 07:53:11,100.4,28
1,2025:11:30 07:54:11,101.5,43
1,2025:11:30 07:55:11,113.9,76
1,2025:11:30 07:56:11,38.0,10
1,2025:11:30 07:57:11,-30.1,65
1,2025:11:30 07:58:11,-6.2,50
1,2025:11:30 07:59:11,2.5,75
1,2025:11:30 08:00:11,14.7,23
1,2025:11:30 08:01:11,40.3,75
1,2025:11:30 08:02:11,75.2,48
1,2025:11:30 08:03:11,-25.7,96
1,2025:11:30 08:04:11,115.4,69
1,2025:11:30 08:05:11,-33.5,97
1,2025:11:30 08:06:11,-20.9,41
1,2025:11:30 08:07:11,97.6,82
1,2025:11:30 08:08:11,82.7,10
1,2025:11:30 08:09:11,-3.4,81
1,2025:11:30 08:10:11,98.9,7
1,2025:11:30 08:11:11,64.5,48
1,2025:11:30 08:12:11,113.2,97
1,2025:11:30 08:13:11,49.7,72
1,2025:11:30 08:14:11,52.9,53
1,2025:11:30 08:15:11,53.3,43
1,2025:11:30 08:16:11,32.9,40
1,2025:11:30 08:17:11,51.5,59
1,2025:11:30 08:18:11,55.6,100
1,2025:11:30 08:19:11,42.9,90
1,2025:11:30 08:20:11,61.1,99
1,2025:11:30 08:21:11,43.3,65
1,2025:11:30 08:22:11,83.7,41
1,2025:11:30 08:23:11,56.0,53
1,2025:11:30 08:24:11,27.2,86
1,2025:11:30 08:25:11,64.3,22
1,2025:11:30 08:26:11,-30.9,92
1,2025:11:30 08:27:11,10.3,26
1,2025:11:30 08:28:11,10.9,47
1,2025:11:30 08:29:11,-28.7,26
1,2025:11:30 08:30:11,90.9,91
1,2025:11:30 08:31:11,2.5,75
1,2025:11:30 08:32:11,95.2,58
1,2025:11:30 08:33:11,22.4,48
1,2025:11:30 08:34:11,24.7,37
1,2025:11:30 08:35:11,35.7,78
1,2025:11:30 08:36:11,57.5,10
1,2025:11:30 08:37:11,78.3,96
1,2025:11:30 08:38:11,100.7,32
1,2025:11:30 08:39:11,15.2,44
1,2025:11:30 08:40:11,-10.5,87
1,2025:11:30 08:41:11,61.8,85
1,2025:11:30 08:42:11,94.6,19
1,2025:11:30 08:43:11,11.8,51
1,2025:11:30 08:44:11,29.2,27
1,2025:11:30 08:45:11,25.4,96
1,2025:11:30 08:46:11,1.7,44
1,2025:11:30 08:47:11,-31.5,19
1,2025:11:30 08:48:11,31.8,84
1,2025:11:30 08:49:11,-7.6,19
1,2025:11:30 08:50:11,89.1,92
1,2025:11:30 08:51:11,5.6,68
1,2025:11:30 08:52:11,3.4,69
1,2025:11:30 08:53:11,65.6,70
1,2025:11:30 08:54:11,60.7,86
1,2025:11:30 08:55:11,3.6,31
1,2025:11:30 08:56:11,-22.1,84
1,2025:11:30 08:57:11,-20.7,85
1,2025:11:30 08:58:11,-23.7,20
1,2025:11:30 08:59:11,114.2,97
1,2025:11:30 09:00:11,-2.9,45
1,2025:11:30 09:01:11,74.7,96
1,2025:11:30 09:02:11,117.8,82
1,2025:11:30 09:03:11,54.6,76
1,2025:11:30 09:04:11,28.8,30
1,2025:11:30 09:05:11,67.9,42
1,2025:11:30 09:06:11,-31.2,80
1,2025:11:30 09:07:11,-9.9,69
1,2025:11:30 09:08:11,-12.1,25
1,2025:11:30 09:09:11,66.5,91
1,2025:11:30 09:10:11,102.6,84
1,2025:11:30 09:11:11,34.1,86
1,2025:11:30 09:12:11,26.2,86
1,2025:11:30 09:13:11,39.4,30
1,2025:11:30 09:14:11,48.3,38
1,2025:11:30 09:15:11,17.2,77
1,2025:11:30 09:16:11,99.3,14
1,2025:11:30 09:17:11,49.0,36
1,2025:11:30 09:18:11,54.6,50
1,2025:11:30 09:19:11,18.5,28
1,2025:11:30 09:20:11,-32.1,65
1,2025:11:30 09:21:11,92.2,95
1,2025:11:30 09:22:11,-12.9,10
1,2025:11:30 09:23:11,11.0,55
1,2025:11:30 09:24:11,-38.8,49
1,2025:11:30 09:25:11,44.4,71
1,2025:11:30 09:26:11,-21.2,66
1,2025:11:30 09:27:11,104.1,58
1,2025:11:30 09:28:11,28.9,68
1,2025:11:30 09:29:11,36.5,24
1,2025:11:30 09:30:11,28.1,18
1,2025:11:30 09:31:11,64.9,64
1,2025:11:30 09:32:11,51.2,38
1,2025:11:30 09:33:11,110.2,50
1,2025:11:30 09:34:11,31.1,55
1,2025:11:30 09:35:11,97.4,12
1,2025:11:30 09:36:11,86.7,69
1,2025:11:30 09:37:11,-24.2,24
1,2025:11:30 09:38:11,80.7,18
1,2025:11:30 09:39:11,75.0,36
1,2025:11:30 09:40:11,64.2,83
1,2025:11:30 09:41:11,29.5,50
1,2025:11:30 09:42:11,44.5,7
1,2025:11:30 09:43:11,30.7,81
1,2025:11:30 09:44:11,71.7,71
1,2025:11:30 09:45:11,-3.0,44
1,2025:11:30 09:46:11,71.3,31
1,2025:11:30 09:47:11,91.2,65
1,2025:11:30 09:48:11,89.0,28
1,2025:11:30 09:49:11,-8.0,20
1,2025:11:30 09:50:11,44.3,7
1,2025:11:30 09:51:11,18.0,37
1,2025:11:30 09:52:11,-11.6,49
1,2025:11:30 09:53:11,26.3,31
1,2025:11:30 09:54:11,-35.8,79
1,2025:11:30 09:55:11,7.9,51
1,2025:11:30 09:56:11,-31.6,8
1,2025:11:30 09:57:11,119.2,100
1,2025:11:30 09:58:11,103.8,43
1,2025:11:30 09:59:11,110.4,68
1,2025:11:30 10:00:11,100.7,71
1,2025:11:30 10:01:11,14.5,96
1,2025:11:30 10:02:11,111.9,22
1,2025:11:30 10:03:11,79.3,87
1,2025:11:30 10:04:11,-20.1,57
1,2025:11:30 10:05:11,-9.6,81
1,2025:11:30 10:06:11,34.8,74
1,2025:11:30 10:07:11,-13.3,77
1,2025:11:30 10:08:11,-37.7,46
1,2025:11:30 10:09:11,123.0,59
1,2025:11:30 10:10:11,120.9,41
1,2025:11:30 10:11:11,115.4,43
1,2025:11:30 10:12:11,31.4,55
1,2025:11:30 10:13:11,-17.1,6
1,2025:11:30 10:14:11,68.5,24
1,2025:11:30 10:15:11,-35.8,60
1,2025:11:30 10:16:11,87.8,11
1,2025:11:30 10:17:11,84.4,29
1,2025:11:30 10:18:11,27.1,62
1,2025:11:30 10:19:11,-2.9,76
1,2025:11:30 10:20:11,11.7,69
1,2025:11:30 10:21:11,-26.8,16
1,2025:11:30 10:22:11,51.1,73
1,2025:11:30 10:23:11,29.3,13
1,2025:11:30 10:24:11,-6.8,99
1,2025:11:30 10:25:11,47.7,52
1,2025:11:30 10:26:11,-13.0,73
1,2025:11:30 10:27:11,27.5,86
1,2025:11:30 10:28:11,-23.7,8
1,2025:11:30 10:29:11,17.1,30
1,2025:11:30 10:30:11,124.1,84
1,2025:11:30 10:31:11,22.8,63
1,2025:11:30 10:32:11,31.0,27
1,2025:11:30 10:33:11,104.3,43
1,2025:11:30 10:34:11,-32.4,32
1,2025:11:30 10:35:11,-38.1,71
1,2025:11:30 10:36:11,2.9,71
1,2025:11:30 10:37:11,40.5,27
1,2025:11:30 10:38:11,85.3,44
1,2025:11:30 10:39:11,-9.0,46
1,2025:11:30 10:40:11,91.7,25
1,2025:11:30 10:41:11,-21.3,17
1,2025:11:30 10:42:11,97.4,23
1,2025:11:30 10:43:11,18.8,91
1,2025:11:30 10:44:11,47.1,5
1,2025:11:30 10:45:11,25.2,21
1,2025:11:30 10:46:11,69.2,7
1,2025:11:30 10:47:11,41.2,55
1,2025:11:30 10:48:11,118.7,33
1,2025:11:30 10:49:11,38.8,51
1,2025:11:30 10:50:11,27.1,36
1,2025:11:30 10:51:11,75.5,47
1,2025:11:30 10:52:11,-37.0,71
1,2025:11:30 10:53:11,29.2,25
1,2025:11:30 10:54:11,72.7,90
1,2025:11:30 10:55:11,31.9,87
1,2025:11:30 10:56:11,-35.6,87
1,2025:11:30 10:57:11,-3.2,92
1,2025:11:30 10:58:11,105.0,91
1,2025:11:30 10:59:11,18.5,66
1,2025:11:30 11:00:11,18.7,19
1,2025:11:30 11:01:11,42.6,20
1,2025:11:30 11:02:11,-24.3,58
1,2025:11:30 11:03:11,89.1,74
1,2025:11:30 11:04:11,70.3,34
1,2025:11:30 11:05:11,84.6,27
1,2025:11:30 11:06:11,77.7,81
1,2025:11:30 11:07:11,94.4,46
1,2025:11:30 11:08:11,92.1,14
1,2025:11:30 11:09:11,8.2,82
1,2025:11:30 11:10:11,56.7,92
1,2025:11:30 11:11:11,-33.7,47
1,2025:11:30 11:12:11,3.4,70
1,2025:11:30 11:13:11,84.6,92
1,2025:11:30 11:14:11,100.9,59
1,2025:11:30 11:15:11,105.2,19
1,2025:11:30 11:16:11,21.5,29
1,2025:11:30 11:17:11,7.0,65
1,2025:11:30 11:18:11,23.7,84
1,2025:11:30 11:19:11,55.6,66
1,2025:11:30 11:20:11,-39.0,73
1,2025:11:30 11:21:11,10.3,45
1,2025:11:30 11:22:11,99.8,15
1,2025:11:30 11:23:11,89.5,43
1,2025:11:30 11:24:11,121.2,68
1,2025:11:30 11:25:11,113.7,78
1,2025:11:30 11:26:11,24.3,89
1,2025:11:30 11:27:11,88.1,64
1,2025:11:30 11:28:11,-33.2,46
1,2025:11:30 11:29:11,-38.3,25
1,2025:11:30 11:30:11,119.8,34
1,2025:11:30 11:31:11,12.2,86
1,2025:11:30 11:32:11,46.9,73
1,2025:11:30 11:33:11,87.8,6
1,2025:11:30 11:34:11,6.8,31
1,2025:11:30 11:35:11,-20.4,38
1,2025:11:30 11:36:11,56.6,59
1,2025:11:30 11:37:11,-18.5,15
1,2025:11:30 11:38:11,17.1,72
1,2025:11:30 11:39:11,116.2,78
1,2025:11:30 11:40:11,-28.1,48
1,2025:11:30 11:41:11,53.7,85
1,2025:11:30 11:42:11,70.5,58
1,2025:11:30 11:43:11,15.9,49
1,2025:11:30 11:44:11,-31.6,22
1,2025:11:30 11:45:11,74.9,92
1,2025:11:30 11:46:11,-25.6,22
1,2025:11:30 11:47:11,117.2,19
1,2025:11:30 11:48:11,112.1,63
1,2025:11:30 11:49:11,26.7,42
1,2025:11:30 11:50:11,-8.4,96
1,2025:11:30 11:51:11,49.1,94
1,2025:11:30 11:52:11,-11.2,99
1,2025:11:30 11:53:11,66.0,75
1,2025:11:30 11:54:11,26.4,65
1,2025:11:30 11:55:11,49.7,95
1,2025:11:30 11:56:11,86.9,27
1,2025:11:30 11:57:11,98.3,47
1,2025:11:30 11:58:11,68.7,38
1,2025:11:30 11:59:11,12.7,10
1,2025:11:30 12:00:11,-17.2,7
1,2025:11:30 12:01:11,112.9,75
1,2025:11:30 12:02:11,80.8,31
